onset	duration	sample	value
0.703125	n/a	360	65284
52.25390625	n/a	26754	65285
352.2480469	n/a	180351	65286
381.5097656	n/a	195333	65281
385.4628906	n/a	197357	65282
390.4628906	n/a	199917	65283
395.4628906	n/a	202477	65284
438.1621094	n/a	224339	65281
442.3144531	n/a	226465	65282
447.3164062	n/a	229026	65283
452.3164062	n/a	231586	65284
490.0585938	n/a	250910	65281
494.3613281	n/a	253113	65282
499.3632812	n/a	255674	65283
504.3632812	n/a	258234	65284
527.4648438	n/a	270062	65281
531.4042969	n/a	272079	65282
536.4042969	n/a	274639	65283
541.4042969	n/a	277199	65284
565.1699219	n/a	289367	65281
569.75	n/a	291712	65282
574.75	n/a	294272	65283
579.75	n/a	296832	65284
600.1152344	n/a	307259	65281
604.7285156	n/a	309621	65282
609.7285156	n/a	312181	65283
614.7285156	n/a	314741	65284
630.0996094	n/a	322611	65281
634.234375	n/a	324728	65282
639.2363281	n/a	327289	65283
644.2363281	n/a	329849	65284
658.2246094	n/a	337011	65281
662.5878906	n/a	339245	65282
667.5898438	n/a	341806	65283
672.5898438	n/a	344366	65284
688.0644531	n/a	352289	65281
692.8320312	n/a	354730	65282
697.8320312	n/a	357290	65283
702.8320312	n/a	359850	65284
723.25	n/a	370304	65281
728.1503906	n/a	372813	65282
733.1503906	n/a	375373	65283
738.1503906	n/a	377933	65284
750.7929688	n/a	384406	65281
755.3710938	n/a	386750	65282
760.3730469	n/a	389311	65283
765.3730469	n/a	391871	65284
783.359375	n/a	401080	65281
787.3710938	n/a	403134	65282
792.3710938	n/a	405694	65283
797.3710938	n/a	408254	65284
814.1113281	n/a	416825	65281
818.3066406	n/a	418973	65282
823.3085938	n/a	421534	65283
828.3085938	n/a	424094	65284
839.5410156	n/a	429845	65281
843.8710938	n/a	432062	65282
848.8710938	n/a	434622	65283
853.8710938	n/a	437182	65284
873.1777344	n/a	447067	65281
877.1679688	n/a	449110	65282
882.1679688	n/a	451670	65283
887.1679688	n/a	454230	65284
910.0058594	n/a	465923	65281
914.1171875	n/a	468028	65282
919.1191406	n/a	470589	65283
924.1191406	n/a	473149	65284
955.9316406	n/a	489437	65281
960.3261719	n/a	491687	65282
965.3261719	n/a	494247	65283
970.3261719	n/a	496807	65284
983.5722656	n/a	503589	65281
987.5683594	n/a	505635	65282
992.5703125	n/a	508196	65283
997.5703125	n/a	510756	65284
1020.763672	n/a	522631	65281
1025.345703	n/a	524977	65282
1030.345703	n/a	527537	65283
1035.345703	n/a	530097	65284
1050.759766	n/a	537989	65281
1054.984375	n/a	540152	65282
1059.984375	n/a	542712	65283
1064.984375	n/a	545272	65284
1082.349609	n/a	554163	65281
1087.039062	n/a	556564	65282
1092.039062	n/a	559124	65283
1097.039062	n/a	561684	65284
1116.736328	n/a	571769	65281
1121.191406	n/a	574050	65282
1126.191406	n/a	576610	65283
1131.191406	n/a	579170	65284
1147.271484	n/a	587403	65281
1151.634766	n/a	589637	65282
1156.636719	n/a	592198	65283
1161.634766	n/a	594757	65284
1172.435547	n/a	600287	65281
1176.667969	n/a	602454	65282
1181.669922	n/a	605015	65283
1186.669922	n/a	607575	65284
1202.171875	n/a	615512	65281
1206.208984	n/a	617579	65282
1211.210938	n/a	620140	65283
1216.210938	n/a	622700	65284
1228.501953	n/a	628993	65281
1232.771484	n/a	631179	65282
1237.773438	n/a	633740	65283
1242.773438	n/a	636300	65284
1251.90625	n/a	640976	65281
1256.326172	n/a	643239	65282
1261.328125	n/a	645800	65283
1266.328125	n/a	648360	65284
1280.476562	n/a	655604	65281
1284.765625	n/a	657800	65282
1289.765625	n/a	660360	65283
1294.765625	n/a	662920	65284
1308.84375	n/a	670128	65281
1313.144531	n/a	672330	65282
1318.146484	n/a	674891	65283
1323.146484	n/a	677451	65284
1335.746094	n/a	683902	65281
1340.087891	n/a	686125	65282
1345.089844	n/a	688686	65283
1350.089844	n/a	691246	65284
1359.029297	n/a	695823	65281
1363.671875	n/a	698200	65282
1368.673828	n/a	700761	65283
1373.673828	n/a	703321	65284
1387.474609	n/a	710387	65281
1391.693359	n/a	712547	65282
1396.693359	n/a	715107	65283
1401.693359	n/a	717667	65284
1430.035156	n/a	732178	65281
1434.865234	n/a	734651	65282
1439.867188	n/a	737212	65283
1444.867188	n/a	739772	65284
1459.105469	n/a	747062	65281
1463.435547	n/a	749279	65282
1468.435547	n/a	751839	65283
1473.435547	n/a	754399	65284
1488.701172	n/a	762215	65281
1492.990234	n/a	764411	65282
1497.990234	n/a	766971	65283
1502.990234	n/a	769531	65284
1513.216797	n/a	774767	65281
1517.210938	n/a	776812	65282
1522.212891	n/a	779373	65283
1527.212891	n/a	781933	65284
1535.992188	n/a	786428	65281
1540.070312	n/a	788516	65282
1545.072266	n/a	791077	65283
1550.072266	n/a	793637	65284
1559.890625	n/a	798664	65281
1564.632812	n/a	801092	65282
1569.634766	n/a	803653	65283
1574.634766	n/a	806213	65284
1590.033203	n/a	814097	65281
1594.132812	n/a	816196	65282
1599.134766	n/a	818757	65283
1604.134766	n/a	821317	65284
1616.023438	n/a	827404	65281
1620.208984	n/a	829547	65282
1625.210938	n/a	832108	65283
1630.210938	n/a	834668	65284
1639.386719	n/a	839366	65281
1644.146484	n/a	841803	65282
1649.146484	n/a	844363	65283
1654.146484	n/a	846923	65284
1667.71875	n/a	853872	65281
1671.916016	n/a	856021	65282
1676.917969	n/a	858582	65283
1681.917969	n/a	861142	65284
1697.642578	n/a	869193	65281
1701.701172	n/a	871271	65282
1706.701172	n/a	873831	65283
1711.701172	n/a	876391	65284
1722.640625	n/a	881992	65281
1726.818359	n/a	884131	65282
1731.818359	n/a	886691	65283
1736.818359	n/a	889251	65284
1762.488281	n/a	902394	65281
1767.269531	n/a	904842	65282
1772.269531	n/a	907402	65283
1777.269531	n/a	909962	65284
1783.923828	n/a	913369	65281
1787.982422	n/a	915447	65282
1792.984375	n/a	918008	65283
1797.984375	n/a	920568	65284
1808.892578	n/a	926153	65281
1813.71875	n/a	928624	65282
1818.720703	n/a	931185	65283
1823.720703	n/a	933745	65284
1832.300781	n/a	938138	65281
1836.955078	n/a	940521	65282
1841.955078	n/a	943081	65283
1846.955078	n/a	945641	65284
1864.666016	n/a	954709	65281
1869.550781	n/a	957210	65282
1874.552734	n/a	959771	65283
1879.552734	n/a	962331	65284
1892.625	n/a	969024	65281
1896.925781	n/a	971226	65282
1901.927734	n/a	973787	65283
1906.925781	n/a	976346	65284
1917.138672	n/a	981575	65281
1921.917969	n/a	984022	65282
1926.919922	n/a	986583	65283
1931.919922	n/a	989143	65284
1950.40625	n/a	998608	65281
1954.701172	n/a	1000807	65282
1959.703125	n/a	1003368	65283
1964.703125	n/a	1005928	65284
1982.003906	n/a	1014786	65281
1985.931641	n/a	1016797	65282
1990.931641	n/a	1019357	65283
1995.931641	n/a	1021917	65284
2011.900391	n/a	1030093	65281
2015.964844	n/a	1032174	65282
2020.966797	n/a	1034735	65283
2025.966797	n/a	1037295	65284
2037.259766	n/a	1043077	65281
2041.431641	n/a	1045213	65282
2046.431641	n/a	1047773	65283
2051.431641	n/a	1050333	65284
2065.390625	n/a	1057480	65281
2070.101562	n/a	1059892	65282
2075.103516	n/a	1062453	65283
2080.103516	n/a	1065013	65284
2097.509766	n/a	1073925	65281
2101.998047	n/a	1076223	65282
2107	n/a	1078784	65283
2112	n/a	1081344	65284
2124.431641	n/a	1087709	65281
2128.386719	n/a	1089734	65282
2133.388672	n/a	1092295	65283
2138.386719	n/a	1094854	65284
2150.181641	n/a	1100893	65281
2154.607422	n/a	1103159	65282
2159.609375	n/a	1105720	65283
2164.609375	n/a	1108280	65284
2172.439453	n/a	1112289	65281
2176.490234	n/a	1114363	65282
2181.490234	n/a	1116923	65283
2186.490234	n/a	1119483	65284
2200.869141	n/a	1126845	65281
2205.621094	n/a	1129278	65282
2210.623047	n/a	1131839	65283
2215.623047	n/a	1134399	65284
2222.279297	n/a	1137807	65281
2226.814453	n/a	1140129	65282
2231.816406	n/a	1142690	65283
2236.816406	n/a	1145250	65284
2351.855469	n/a	1204150	65281
2356.111328	n/a	1206329	65282
2361.113281	n/a	1208890	65283
2366.113281	n/a	1211450	65284
2382.005859	n/a	1219587	65281
2386.666016	n/a	1221973	65282
2391.667969	n/a	1224534	65283
2396.667969	n/a	1227094	65284
2409.705078	n/a	1233769	65281
2414.597656	n/a	1236274	65282
2419.597656	n/a	1238834	65283
2424.597656	n/a	1241394	65284
2432.876953	n/a	1245633	65281
2436.972656	n/a	1247730	65282
2441.972656	n/a	1250290	65283
2446.972656	n/a	1252850	65284
2455.96875	n/a	1257456	65281
2460.005859	n/a	1259523	65282
2465.005859	n/a	1262083	65283
2470.005859	n/a	1264643	65284
2484.847656	n/a	1272242	65281
2489.033203	n/a	1274385	65282
2494.033203	n/a	1276945	65283
2499.033203	n/a	1279505	65284
2506.667969	n/a	1283414	65281
2511.191406	n/a	1285730	65282
2516.193359	n/a	1288291	65283
2521.193359	n/a	1290851	65284
2541.730469	n/a	1301366	65281
2546.09375	n/a	1303600	65282
2551.095703	n/a	1306161	65283
2556.095703	n/a	1308721	65284
2577.324219	n/a	1319590	65281
2581.558594	n/a	1321758	65282
2586.560547	n/a	1324319	65283
2591.558594	n/a	1326878	65284
2604.875	n/a	1333696	65281
2608.822266	n/a	1335717	65282
2613.822266	n/a	1338277	65283
2618.822266	n/a	1340837	65284
2626.994141	n/a	1345021	65281
2631.216797	n/a	1347183	65282
2636.21875	n/a	1349744	65283
2641.21875	n/a	1352304	65284
2651.244141	n/a	1357437	65281
2655.779297	n/a	1359759	65282
2660.779297	n/a	1362319	65283
2665.78125	n/a	1364880	65284
2673.306641	n/a	1368733	65281
2677.431641	n/a	1370845	65282
2682.433594	n/a	1373406	65283
2687.433594	n/a	1375966	65284
2695.121094	n/a	1379902	65281
2699.492188	n/a	1382140	65282
2704.494141	n/a	1384701	65283
2709.494141	n/a	1387261	65284
2715.792969	n/a	1390486	65281
2719.826172	n/a	1392551	65282
2724.828125	n/a	1395112	65283
2729.828125	n/a	1397672	65284
2738.046875	n/a	1401880	65281
2742.103516	n/a	1403957	65282
2747.105469	n/a	1406518	65283
2752.105469	n/a	1409078	65284
2759.292969	n/a	1412758	65281
2763.826172	n/a	1415079	65282
2768.826172	n/a	1417639	65283
2773.826172	n/a	1420199	65284
2784.638672	n/a	1425735	65281
2788.9375	n/a	1427936	65282
2793.9375	n/a	1430496	65283
2798.9375	n/a	1433056	65284
2811.517578	n/a	1439497	65281
2815.935547	n/a	1441759	65282
2820.9375	n/a	1444320	65283
2825.9375	n/a	1446880	65284
2833.789062	n/a	1450900	65281
2838.462891	n/a	1453293	65282
2843.464844	n/a	1455854	65283
2848.464844	n/a	1458414	65284
2856.814453	n/a	1462689	65281
2861.607422	n/a	1465143	65282
2866.609375	n/a	1467704	65283
2871.609375	n/a	1470264	65284
2881.361328	n/a	1475257	65281
2886.185547	n/a	1477727	65282
2891.185547	n/a	1480287	65283
2896.185547	n/a	1482847	65284
2903.763672	n/a	1486727	65281
2908.384766	n/a	1489093	65282
2913.386719	n/a	1491654	65283
2918.386719	n/a	1494214	65284
2932.453125	n/a	1501416	65281
2936.960938	n/a	1503724	65282
2941.962891	n/a	1506285	65283
2946.962891	n/a	1508845	65284
2954.142578	n/a	1512521	65281
2958.140625	n/a	1514568	65282
2963.142578	n/a	1517129	65283
2968.142578	n/a	1519689	65284
2975.214844	n/a	1523310	65281
2979.917969	n/a	1525718	65282
2984.919922	n/a	1528279	65283
2989.919922	n/a	1530839	65284
2998.318359	n/a	1535139	65281
3002.730469	n/a	1537398	65282
3007.732422	n/a	1539959	65283
3012.732422	n/a	1542519	65284
3021.208984	n/a	1546859	65281
3025.201172	n/a	1548903	65282
3030.203125	n/a	1551464	65283
3035.203125	n/a	1554024	65284
3042.580078	n/a	1557801	65281
3047.138672	n/a	1560135	65282
3052.140625	n/a	1562696	65283
3057.140625	n/a	1565256	65284
3064.994141	n/a	1569277	65281
3069.125	n/a	1571392	65282
3074.126953	n/a	1573953	65283
3079.126953	n/a	1576513	65284
3103.160156	n/a	1588818	65281
3107.880859	n/a	1591235	65282
3112.882812	n/a	1593796	65283
3117.882812	n/a	1596356	65284
3128.724609	n/a	1601907	65281
3132.804688	n/a	1603996	65282
3137.806641	n/a	1606557	65283
3142.804688	n/a	1609116	65284
3153.818359	n/a	1614755	65281
3158.255859	n/a	1617027	65282
3163.255859	n/a	1619587	65283
3168.255859	n/a	1622147	65284
3176.142578	n/a	1626185	65281
3180.082031	n/a	1628202	65282
3185.082031	n/a	1630762	65283
3190.082031	n/a	1633322	65284
3203.341797	n/a	1640111	65281
3207.900391	n/a	1642445	65282
3212.902344	n/a	1645006	65283
3217.902344	n/a	1647566	65284
3234.683594	n/a	1656158	65281
3239.455078	n/a	1658601	65282
3244.457031	n/a	1661162	65283
3249.457031	n/a	1663722	65284
3265.269531	n/a	1671818	65281
3269.503906	n/a	1673986	65282
3274.503906	n/a	1676546	65283
3279.503906	n/a	1679106	65284
3287.166016	n/a	1683029	65281
3291.453125	n/a	1685224	65282
3296.455078	n/a	1687785	65283
3301.455078	n/a	1690345	65284
3323.291016	n/a	1701525	65281
3328.107422	n/a	1703991	65282
3333.107422	n/a	1706551	65283
3338.107422	n/a	1709111	65284
3347.958984	n/a	1714155	65281
3352.515625	n/a	1716488	65282
3357.517578	n/a	1719049	65283
3362.517578	n/a	1721609	65284
3378.929688	n/a	1730012	65281
3383.320312	n/a	1732260	65282
3388.322266	n/a	1734821	65283
3393.322266	n/a	1737381	65284
3401.029297	n/a	1741327	65281
3405.396484	n/a	1743563	65282
3410.398438	n/a	1746124	65283
3415.398438	n/a	1748684	65284
3425.501953	n/a	1753857	65281
3430.146484	n/a	1756235	65282
3435.146484	n/a	1758795	65283
3440.146484	n/a	1761355	65284
3450.888672	n/a	1766855	65281
3455.166016	n/a	1769045	65282
3460.167969	n/a	1771606	65283
3465.167969	n/a	1774166	65284
3472.730469	n/a	1778038	65281
3476.748047	n/a	1780095	65282
3481.75	n/a	1782656	65283
3486.75	n/a	1785216	65284
3499.363281	n/a	1791674	65281
3503.386719	n/a	1793734	65282
3508.388672	n/a	1796295	65283
3513.388672	n/a	1798855	65284
3522.371094	n/a	1803454	65281
3527.025391	n/a	1805837	65282
3532.027344	n/a	1808398	65283
3537.027344	n/a	1810958	65284
3550.773438	n/a	1817996	65281
3555.253906	n/a	1820290	65282
3560.255859	n/a	1822851	65283
3565.255859	n/a	1825411	65284
3579.128906	n/a	1832514	65281
3583.380859	n/a	1834691	65282
3588.380859	n/a	1837251	65283
3593.380859	n/a	1839811	65284
3599.722656	n/a	1843058	65281
3603.830078	n/a	1845161	65282
3608.832031	n/a	1847722	65283
3613.832031	n/a	1850282	65284
3621.818359	n/a	1854371	65281
3626.40625	n/a	1856720	65282
3631.408203	n/a	1859281	65283
3636.408203	n/a	1861841	65284
3644.732422	n/a	1866103	65281
3649.052734	n/a	1868315	65282
3654.052734	n/a	1870875	65283
3659.052734	n/a	1873435	65284
3664.144531	n/a	1876042	65281
3668.308594	n/a	1878174	65282
3673.308594	n/a	1880734	65283
3678.308594	n/a	1883294	65284
3696.851562	n/a	1892788	65281
3701.146484	n/a	1894987	65282
3706.148438	n/a	1897548	65283
3711.148438	n/a	1900108	65284
3718.75	n/a	1904000	65281
3723.453125	n/a	1906408	65282
3728.453125	n/a	1908968	65283
3733.453125	n/a	1911528	65284
3740.78125	n/a	1915280	65281
3745.056641	n/a	1917469	65282
3750.058594	n/a	1920030	65283
3755.058594	n/a	1922590	65284
3759.472656	n/a	1924850	65281
3763.945312	n/a	1927140	65282
3768.947266	n/a	1929701	65283
3773.945312	n/a	1932260	65284
3789.011719	n/a	1939974	65281
3793.222656	n/a	1942130	65282
3798.224609	n/a	1944691	65283
3803.222656	n/a	1947250	65284
3810.111328	n/a	1950777	65281
3814.214844	n/a	1952878	65282
3819.216797	n/a	1955439	65283
3824.216797	n/a	1957999	65284
3835.748047	n/a	1963903	65281
3840.603516	n/a	1966389	65282
3845.605469	n/a	1968950	65283
3850.605469	n/a	1971510	65284
3908.962891	n/a	2001389	65281
3913.267578	n/a	2003593	65282
3918.269531	n/a	2006154	65283
3923.269531	n/a	2008714	65284
3935.220703	n/a	2014833	65281
3939.802734	n/a	2017179	65282
3944.804688	n/a	2019740	65283
3949.804688	n/a	2022300	65284
3963.521484	n/a	2029323	65281
3968.240234	n/a	2031739	65282
3973.240234	n/a	2034299	65283
3978.240234	n/a	2036859	65284
3994.828125	n/a	2045352	65281
3999.621094	n/a	2047806	65282
4004.623047	n/a	2050367	65283
4009.623047	n/a	2052927	65284
4027.957031	n/a	2062314	65281
4032.757812	n/a	2064772	65282
4037.759766	n/a	2067333	65283
4042.759766	n/a	2069893	65284
4047.957031	n/a	2072554	65281
4051.855469	n/a	2074550	65282
4056.857422	n/a	2077111	65283
4061.857422	n/a	2079671	65284
4071.533203	n/a	2084625	65281
4075.667969	n/a	2086742	65282
4080.669922	n/a	2089303	65283
4085.669922	n/a	2091863	65284
4095.345703	n/a	2096817	65281
4100.035156	n/a	2099218	65282
4105.037109	n/a	2101779	65283
4110.037109	n/a	2104339	65284
4126.707031	n/a	2112874	65281
4130.833984	n/a	2114987	65282
4135.835938	n/a	2117548	65283
4140.835938	n/a	2120108	65284
4148.824219	n/a	2124198	65281
4153.105469	n/a	2126390	65282
4158.105469	n/a	2128950	65283
4163.105469	n/a	2131510	65284
4179.777344	n/a	2140046	65281
4184	n/a	2142208	65282
4189	n/a	2144768	65283
4194	n/a	2147328	65284
4203.759766	n/a	2152325	65281
4208.166016	n/a	2154581	65282
4213.166016	n/a	2157141	65283
4218.166016	n/a	2159701	65284
4226.039062	n/a	2163732	65281
4230.212891	n/a	2165869	65282
4235.214844	n/a	2168430	65283
4240.214844	n/a	2170990	65284
4247.191406	n/a	2174562	65281
4251.332031	n/a	2176682	65282
4256.332031	n/a	2179242	65283
4261.332031	n/a	2181802	65284
4271.730469	n/a	2187126	65281
4275.726562	n/a	2189172	65282
4280.728516	n/a	2191733	65283
4285.728516	n/a	2194293	65284
4300.070312	n/a	2201636	65281
4304.025391	n/a	2203661	65282
4309.025391	n/a	2206221	65283
4314.025391	n/a	2208781	65284
4323	n/a	2213376	65281
4327.240234	n/a	2215547	65282
4332.240234	n/a	2218107	65283
4337.240234	n/a	2220667	65284
4345.580078	n/a	2224937	65281
4349.621094	n/a	2227006	65282
4354.623047	n/a	2229567	65283
4359.623047	n/a	2232127	65284
4367.666016	n/a	2236245	65281
4372.001953	n/a	2238465	65282
4377.003906	n/a	2241026	65283
4382.003906	n/a	2243586	65284
4398.216797	n/a	2251887	65281
4402.898438	n/a	2254284	65282
4407.898438	n/a	2256844	65283
4412.898438	n/a	2259404	65284
4444.720703	n/a	2275697	65281
4449.216797	n/a	2277999	65282
4454.216797	n/a	2280559	65283
4459.216797	n/a	2283119	65284
4466.832031	n/a	2287018	65281
4471.119141	n/a	2289213	65282
4476.119141	n/a	2291773	65283
4481.119141	n/a	2294333	65284
4494.347656	n/a	2301106	65281
4498.3125	n/a	2303136	65282
4503.314453	n/a	2305697	65283
4508.314453	n/a	2308257	65284
4517.650391	n/a	2313037	65281
4521.896484	n/a	2315211	65282
4526.896484	n/a	2317771	65283
4531.896484	n/a	2320331	65284
4550.322266	n/a	2329765	65281
4554.560547	n/a	2331935	65282
4559.5625	n/a	2334496	65283
4564.5625	n/a	2337056	65284
4575.363281	n/a	2342586	65281
4580.136719	n/a	2345030	65282
4585.138672	n/a	2347591	65283
4590.138672	n/a	2350151	65284
4597.28125	n/a	2353808	65281
4601.957031	n/a	2356202	65282
4606.957031	n/a	2358762	65283
4611.957031	n/a	2361322	65284
4622.119141	n/a	2366525	65281
4626.21875	n/a	2368624	65282
4631.220703	n/a	2371185	65283
4636.220703	n/a	2373745	65284
4643.335938	n/a	2377388	65281
4647.587891	n/a	2379565	65282
4652.587891	n/a	2382125	65283
4657.587891	n/a	2384685	65284
4663.160156	n/a	2387538	65281
4667.558594	n/a	2389790	65282
4672.560547	n/a	2392351	65283
4677.560547	n/a	2394911	65284
4730.373047	n/a	2421951	65281
4734.865234	n/a	2424251	65282
4739.865234	n/a	2426811	65283
4744.865234	n/a	2429371	65284
4751.054688	n/a	2432540	65281
4755.126953	n/a	2434625	65282
4760.128906	n/a	2437186	65283
4765.128906	n/a	2439746	65284
4772.123047	n/a	2443327	65281
4776.613281	n/a	2445626	65282
4781.613281	n/a	2448186	65283
4786.613281	n/a	2450746	65284
4798.083984	n/a	2456619	65281
4802.412109	n/a	2458835	65282
4807.412109	n/a	2461395	65283
4812.412109	n/a	2463955	65284
4825.171875	n/a	2470488	65281
4829.679688	n/a	2472796	65282
4834.681641	n/a	2475357	65283
4839.681641	n/a	2477917	65284
4846.205078	n/a	2481257	65281
4850.513672	n/a	2483463	65282
4855.515625	n/a	2486024	65283
4860.515625	n/a	2488584	65284
4869.326172	n/a	2493095	65281
4873.507812	n/a	2495236	65282
4878.507812	n/a	2497796	65283
4883.507812	n/a	2500356	65284
4890.527344	n/a	2503950	65281
4894.945312	n/a	2506212	65282
4899.945312	n/a	2508772	65283
4904.945312	n/a	2511332	65284
4916.919922	n/a	2517463	65281
4921.720703	n/a	2519921	65282
4926.722656	n/a	2522482	65283
4931.722656	n/a	2525042	65284
4937.183594	n/a	2527838	65281
4941.658203	n/a	2530129	65282
4946.660156	n/a	2532690	65283
4951.660156	n/a	2535250	65284
4957.455078	n/a	2538217	65281
4961.679688	n/a	2540380	65282
4966.679688	n/a	2542940	65283
4971.679688	n/a	2545500	65284
4978.910156	n/a	2549202	65281
4983.011719	n/a	2551302	65282
4988.013672	n/a	2553863	65283
4993.013672	n/a	2556423	65284
5002.658203	n/a	2561361	65281
5007.558594	n/a	2563870	65282
5012.560547	n/a	2566431	65283
5017.560547	n/a	2568991	65284
5022.535156	n/a	2571538	65281
5026.773438	n/a	2573708	65282
5031.775391	n/a	2576269	65283
5036.775391	n/a	2578829	65284
5045.105469	n/a	2583094	65281
5049.21875	n/a	2585200	65282
5054.220703	n/a	2587761	65283
5059.220703	n/a	2590321	65284
5066.466797	n/a	2594031	65281
5070.753906	n/a	2596226	65282
5075.753906	n/a	2598786	65283
5080.753906	n/a	2601346	65284
5086.457031	n/a	2604266	65281
5091.091797	n/a	2606639	65282
5096.09375	n/a	2609200	65283
5101.09375	n/a	2611760	65284
5108.248047	n/a	2615423	65281
5112.751953	n/a	2617729	65282
5117.753906	n/a	2620290	65283
5122.753906	n/a	2622850	65284
5132.595703	n/a	2627889	65281
5137.474609	n/a	2630387	65282
5142.474609	n/a	2632947	65283
5147.474609	n/a	2635507	65284
5155.236328	n/a	2639481	65281
5159.591797	n/a	2641711	65282
5164.59375	n/a	2644272	65283
5169.59375	n/a	2646832	65284
5175.939453	n/a	2650081	65281
5180.328125	n/a	2652328	65282
5185.328125	n/a	2654888	65283
5190.328125	n/a	2657448	65284
5196.226562	n/a	2660468	65281
5201.015625	n/a	2662920	65282
5206.015625	n/a	2665480	65283
5211.015625	n/a	2668040	65284
5218.316406	n/a	2671778	65281
5223.146484	n/a	2674251	65282
5228.148438	n/a	2676812	65283
5233.146484	n/a	2679371	65284
5238.78125	n/a	2682256	65281
5243.222656	n/a	2684530	65282
5248.222656	n/a	2687090	65283
5253.222656	n/a	2689650	65284
5263.720703	n/a	2695025	65281
5268.589844	n/a	2697518	65282
5273.589844	n/a	2700078	65283
5278.589844	n/a	2702638	65284
5286.40625	n/a	2706640	65281
5290.576172	n/a	2708775	65282
5295.576172	n/a	2711335	65283
5300.576172	n/a	2713895	65284
5311.294922	n/a	2719383	65281
5315.623047	n/a	2721599	65282
5320.625	n/a	2724160	65283
5325.625	n/a	2726720	65284
5331.349609	n/a	2729651	65281
5335.345703	n/a	2731697	65282
5340.345703	n/a	2734257	65283
5345.345703	n/a	2736817	65284
5359.419922	n/a	2744023	65281
5363.796875	n/a	2746264	65282
5368.796875	n/a	2748824	65283
5373.796875	n/a	2751384	65284
5383.833984	n/a	2756523	65281
5387.998047	n/a	2758655	65282
5392.998047	n/a	2761215	65283
5397.998047	n/a	2763775	65284
5460.5	n/a	2795776	65281
5464.689453	n/a	2797921	65282
5469.691406	n/a	2800482	65283
5474.691406	n/a	2803042	65284
5485.375	n/a	2808512	65281
5489.966797	n/a	2810863	65282
5494.96875	n/a	2813424	65283
5499.96875	n/a	2815984	65284
5508.445312	n/a	2820324	65281
5512.5	n/a	2822400	65282
5517.501953	n/a	2824961	65283
5522.501953	n/a	2827521	65284
5530.289062	n/a	2831508	65281
5534.222656	n/a	2833522	65282
5539.224609	n/a	2836083	65283
5544.224609	n/a	2838643	65284
5556.074219	n/a	2844710	65281
5560.097656	n/a	2846770	65282
5565.099609	n/a	2849331	65283
5570.099609	n/a	2851891	65284
5583.46875	n/a	2858736	65281
5587.785156	n/a	2860946	65282
5592.785156	n/a	2863506	65283
5597.785156	n/a	2866066	65284
5611.59375	n/a	2873136	65281
5616.492188	n/a	2875644	65282
5621.494141	n/a	2878205	65283
5626.494141	n/a	2880765	65284
5641.966797	n/a	2888687	65281
5646.492188	n/a	2891004	65282
5651.492188	n/a	2893564	65283
5656.492188	n/a	2896124	65284
5662.820312	n/a	2899364	65281
5667.498047	n/a	2901759	65282
5672.5	n/a	2904320	65283
5677.5	n/a	2906880	65284
5688.789062	n/a	2912660	65281
5693.566406	n/a	2915106	65282
5698.568359	n/a	2917667	65283
5703.568359	n/a	2920227	65284
5723.453125	n/a	2930408	65281
5727.419922	n/a	2932439	65282
5732.421875	n/a	2935000	65283
5737.421875	n/a	2937560	65284
5747.318359	n/a	2942627	65281
5751.71875	n/a	2944880	65282
5756.720703	n/a	2947441	65283
5761.720703	n/a	2950001	65284
5767.183594	n/a	2952798	65281
5771.246094	n/a	2954878	65282
5776.248047	n/a	2957439	65283
5781.248047	n/a	2959999	65284
5794.521484	n/a	2966795	65281
5799.363281	n/a	2969274	65282
5804.365234	n/a	2971835	65283
5809.365234	n/a	2974395	65284
5815.875	n/a	2977728	65281
5820.53125	n/a	2980112	65282
5825.53125	n/a	2982672	65283
5830.53125	n/a	2985232	65284
5837.824219	n/a	2988966	65281
5842.626953	n/a	2991425	65282
5847.628906	n/a	2993986	65283
5852.628906	n/a	2996546	65284
5864.339844	n/a	3002542	65281
5868.335938	n/a	3004588	65282
5873.335938	n/a	3007148	65283
5878.335938	n/a	3009708	65284
5883.957031	n/a	3012586	65281
5888.138672	n/a	3014727	65282
5893.140625	n/a	3017288	65283
5898.140625	n/a	3019848	65284
5903.582031	n/a	3022634	65281
5907.673828	n/a	3024729	65282
5912.675781	n/a	3027290	65283
5917.675781	n/a	3029850	65284
5928.324219	n/a	3035302	65281
5933.173828	n/a	3037785	65282
5938.175781	n/a	3040346	65283
5943.173828	n/a	3042905	65284
5952.865234	n/a	3047867	65281
5957.695312	n/a	3050340	65282
5962.695312	n/a	3052900	65283
5967.695312	n/a	3055460	65284
5972.763672	n/a	3058055	65281
5977.173828	n/a	3060313	65282
5982.173828	n/a	3062873	65283
5987.173828	n/a	3065433	65284
5996.464844	n/a	3070190	65281
6001.152344	n/a	3072590	65282
6006.152344	n/a	3075150	65283
6011.152344	n/a	3077710	65284
6021.818359	n/a	3083171	65281
6026.166016	n/a	3085397	65282
6031.166016	n/a	3087957	65283
6036.166016	n/a	3090517	65284
6041.068359	n/a	3093027	65281
6045.837891	n/a	3095469	65282
6050.839844	n/a	3098030	65283
6055.839844	n/a	3100590	65284
6064.566406	n/a	3105058	65281
6069.373047	n/a	3107519	65282
6074.373047	n/a	3110079	65283
6079.373047	n/a	3112639	65284
6085.724609	n/a	3115891	65281
6089.664062	n/a	3117908	65282
6094.664062	n/a	3120468	65283
6099.664062	n/a	3123028	65284
6107.927734	n/a	3127259	65281
6111.837891	n/a	3129261	65282
6116.837891	n/a	3131821	65283
6121.837891	n/a	3134381	65284
6127.931641	n/a	3137501	65281
6132.78125	n/a	3139984	65282
6137.78125	n/a	3142544	65283
6142.78125	n/a	3145104	65284
6152.048828	n/a	3149849	65281
6156.267578	n/a	3152009	65282
6161.267578	n/a	3154569	65283
6166.267578	n/a	3157129	65284
6296.904297	n/a	3224015	65287
6596.898438	n/a	3377612	65288
